Email,Name
subh@gmail.com,subh
dominic@gmail.com,dominic
oreo@gmail.com,oreo
scooby@gmail.com,scooby
simba@gmail.com,simba
bonny@gmail.com,bonny
faruq@gmail.com,faruq
